Name=13 Reasons Why S01E01-Tape 1, Side A.mkv,Path=H:\series\13 reasons why\13 Reasons Why S01E01-Tape 1, Side A.mkv
Name=13 Reasons Why S01E02-Tape 1, Side B.mkv,Path=H:\series\13 reasons why\13 Reasons Why S01E02-Tape 1, Side B.mkv
Name=13 Reasons Why S01E03-Tape 2, Side A.mkv,Path=H:\series\13 reasons why\13 Reasons Why S01E03-Tape 2, Side A.mkv
Name=13 Reasons Why S01E04-Tape 2, Side B.mkv,Path=H:\series\13 reasons why\13 Reasons Why S01E04-Tape 2, Side B.mkv
Name=13 Reasons Why S01E05-Tape 3, Side A.mkv,Path=H:\series\13 reasons why\13 Reasons Why S01E05-Tape 3, Side A.mkv
Name=13 Reasons Why S01E06-Tape 3, Side B.mkv,Path=H:\series\13 reasons why\13 Reasons Why S01E06-Tape 3, Side B.mkv
Name=13 Reasons Why S01E07-Tape 4, Side A.mkv,Path=H:\series\13 reasons why\13 Reasons Why S01E07-Tape 4, Side A.mkv
Name=13 Reasons Why S01E08-Tape 4, Side B.mkv,Path=H:\series\13 reasons why\13 Reasons Why S01E08-Tape 4, Side B.mkv
Name=13 Reasons Why S01E09-Tape 5, Side A.mkv,Path=H:\series\13 reasons why\13 Reasons Why S01E09-Tape 5, Side A.mkv
Name=01 Manhunt.srt,Path=H:\series\Prison Break (2006) Season 2 BluRay 720p x264 Ganool\01 Manhunt.srt
Name=02 Otis.srt,Path=H:\series\Prison Break (2006) Season 2 BluRay 720p x264 Ganool\02 Otis.srt
Name=03 Scan.srt,Path=H:\series\Prison Break (2006) Season 2 BluRay 720p x264 Ganool\03 Scan.srt
Name=04 First Down.srt,Path=H:\series\Prison Break (2006) Season 2 BluRay 720p x264 Ganool\04 First Down.srt
Name=05 Map 1213.srt,Path=H:\series\Prison Break (2006) Season 2 BluRay 720p x264 Ganool\05 Map 1213.srt
Name=06 Subdivision.srt,Path=H:\series\Prison Break (2006) Season 2 BluRay 720p x264 Ganool\06 Subdivision.srt
Name=07 Buried.srt,Path=H:\series\Prison Break (2006) Season 2 BluRay 720p x264 Ganool\07 Buried.srt
Name=08 Dead Fall.srt,Path=H:\series\Prison Break (2006) Season 2 BluRay 720p x264 Ganool\08 Dead Fall.srt
Name=09 Unearthed.srt,Path=H:\series\Prison Break (2006) Season 2 BluRay 720p x264 Ganool\09 Unearthed.srt
Name=10 Rendezvous.srt,Path=H:\series\Prison Break (2006) Season 2 BluRay 720p x264 Ganool\10 Rendezvous.srt
Name=11 Bolshoi Booze.srt,Path=H:\series\Prison Break (2006) Season 2 BluRay 720p x264 Ganool\11 Bolshoi Booze.srt
Name=12 Disconnect.srt,Path=H:\series\Prison Break (2006) Season 2 BluRay 720p x264 Ganool\12 Disconnect.srt
Name=13 The Killing Box.srt,Path=H:\series\Prison Break (2006) Season 2 BluRay 720p x264 Ganool\13 The Killing Box.srt
Name=14 John Doe.srt,Path=H:\series\Prison Break (2006) Season 2 BluRay 720p x264 Ganool\14 John Doe.srt
Name=15 The Message.srt,Path=H:\series\Prison Break (2006) Season 2 BluRay 720p x264 Ganool\15 The Message.srt
Name=16 Chicago.srt,Path=H:\series\Prison Break (2006) Season 2 BluRay 720p x264 Ganool\16 Chicago.srt
Name=17 Bad Blood.srt,Path=H:\series\Prison Break (2006) Season 2 BluRay 720p x264 Ganool\17 Bad Blood.srt
Name=18 Wash.srt,Path=H:\series\Prison Break (2006) Season 2 BluRay 720p x264 Ganool\18 Wash.srt
Name=19 Sweet Caroline.srt,Path=H:\series\Prison Break (2006) Season 2 BluRay 720p x264 Ganool\19 Sweet Caroline.srt
Name=20 Panama.srt,Path=H:\series\Prison Break (2006) Season 2 BluRay 720p x264 Ganool\20 Panama.srt
Name=21 Fin Del Camino.srt,Path=H:\series\Prison Break (2006) Season 2 BluRay 720p x264 Ganool\21 Fin Del Camino.srt
Name=22 Sona.srt,Path=H:\series\Prison Break (2006) Season 2 BluRay 720p x264 Ganool\22 Sona.srt
Name=Prison Break - 2x01 - Manhunt[Hellraiser].mkv,Path=H:\series\Prison Break (2006) Season 2 BluRay 720p x264 Ganool\Prison Break - 2x01 - Manhunt[Hellraiser].mkv
Name=Prison Break - 2x02 - Otis[Hellraiser].mkv,Path=H:\series\Prison Break (2006) Season 2 BluRay 720p x264 Ganool\Prison Break - 2x02 - Otis[Hellraiser].mkv
Name=Prison Break - 2x03 - Scan[Hellraiser].mkv,Path=H:\series\Prison Break (2006) Season 2 BluRay 720p x264 Ganool\Prison Break - 2x03 - Scan[Hellraiser].mkv
Name=Prison Break - 2x04 - First Down[Hellraiser].mkv,Path=H:\series\Prison Break (2006) Season 2 BluRay 720p x264 Ganool\Prison Break - 2x04 - First Down[Hellraiser].mkv
Name=Prison Break - 2x05 - Map 1213[Hellraiser].mkv,Path=H:\series\Prison Break (2006) Season 2 BluRay 720p x264 Ganool\Prison Break - 2x05 - Map 1213[Hellraiser].mkv
Name=Prison Break - 2x06 - Subdivision[Hellraiser].mkv,Path=H:\series\Prison Break (2006) Season 2 BluRay 720p x264 Ganool\Prison Break - 2x06 - Subdivision[Hellraiser].mkv
Name=Prison Break - 2x07 - Buried[Hellraiser].mkv,Path=H:\series\Prison Break (2006) Season 2 BluRay 720p x264 Ganool\Prison Break - 2x07 - Buried[Hellraiser].mkv
Name=Prison Break - 2x08 - Dead Fall[Hellraiser].mkv,Path=H:\series\Prison Break (2006) Season 2 BluRay 720p x264 Ganool\Prison Break - 2x08 - Dead Fall[Hellraiser].mkv
Name=Prison Break - 2x09 - Unearthed[Hellraiser].mkv,Path=H:\series\Prison Break (2006) Season 2 BluRay 720p x264 Ganool\Prison Break - 2x09 - Unearthed[Hellraiser].mkv
Name=Prison Break - 2x10 - Rendezvous[Hellraiser].mkv,Path=H:\series\Prison Break (2006) Season 2 BluRay 720p x264 Ganool\Prison Break - 2x10 - Rendezvous[Hellraiser].mkv
Name=Prison Break - 2x11 - Bolshoi Booze[Hellraiser].mkv,Path=H:\series\Prison Break (2006) Season 2 BluRay 720p x264 Ganool\Prison Break - 2x11 - Bolshoi Booze[Hellraiser].mkv
Name=Prison Break - 2x12 - Disconnect[Hellraiser].mkv,Path=H:\series\Prison Break (2006) Season 2 BluRay 720p x264 Ganool\Prison Break - 2x12 - Disconnect[Hellraiser].mkv
Name=Prison Break - 2x13 - The Killing Box[Hellraiser].mkv,Path=H:\series\Prison Break (2006) Season 2 BluRay 720p x264 Ganool\Prison Break - 2x13 - The Killing Box[Hellraiser].mkv
Name=Prison Break - 2x14 - John Doe[Hellraiser].mkv,Path=H:\series\Prison Break (2006) Season 2 BluRay 720p x264 Ganool\Prison Break - 2x14 - John Doe[Hellraiser].mkv
Name=Prison Break - 2x15 - The Message[Hellraiser].mkv,Path=H:\series\Prison Break (2006) Season 2 BluRay 720p x264 Ganool\Prison Break - 2x15 - The Message[Hellraiser].mkv
Name=Prison Break - 2x16 - Chicago[Hellraiser].mkv,Path=H:\series\Prison Break (2006) Season 2 BluRay 720p x264 Ganool\Prison Break - 2x16 - Chicago[Hellraiser].mkv
Name=Prison Break - 2x17 - Bad Blood[Hellraiser].mkv,Path=H:\series\Prison Break (2006) Season 2 BluRay 720p x264 Ganool\Prison Break - 2x17 - Bad Blood[Hellraiser].mkv
Name=Prison Break - 2x18 - Wash[Hellraiser].mkv,Path=H:\series\Prison Break (2006) Season 2 BluRay 720p x264 Ganool\Prison Break - 2x18 - Wash[Hellraiser].mkv
Name=Prison Break - 2x19 - Sweet Caroline[Hellraiser].mkv,Path=H:\series\Prison Break (2006) Season 2 BluRay 720p x264 Ganool\Prison Break - 2x19 - Sweet Caroline[Hellraiser].mkv
Name=Prison Break - 2x20 - Panama[Hellraiser].mkv,Path=H:\series\Prison Break (2006) Season 2 BluRay 720p x264 Ganool\Prison Break - 2x20 - Panama[Hellraiser].mkv
Name=Prison Break - 2x21 - Fin Del Camino.mkv,Path=H:\series\Prison Break (2006) Season 2 BluRay 720p x264 Ganool\Prison Break - 2x21 - Fin Del Camino.mkv
Name=Prison Break - 2x22 - Sona[Hellraiser].mkv,Path=H:\series\Prison Break (2006) Season 2 BluRay 720p x264 Ganool\Prison Break - 2x22 - Sona[Hellraiser].mkv
Name=Prison Break - 3x11 - Under & Out[Hellraiser] =====new.mkv,Path=H:\series\Prison Break - 3x11 - Under & Out[Hellraiser] =====new.mkv
Name=Prison.Break.S03E11.720p.BluRay.x264-SiNNERS.srt,Path=H:\series\Prison.Break.S03E11.720p.BluRay.x264-SiNNERS.srt
